[
  {
    "name": "YASH KARANDE",
    "email": "karandeyash451@gmail.com",
    "phone": "80977 16973",
    "date": "2025-12-27",
    "message": "HIII",
    "timestamp": "2025-09-01T15:57:02.186Z"
  },
  {
    "name": "YASH KARANDE",
    "email": "karandeyash451@gmail.com",
    "phone": "80977 16973",
    "date": "2025-12-27",
    "message": "hiii",
    "timestamp": "2025-09-01T16:01:01.481Z"
  },
  {
    "name": "YASH KARANDE",
    "email": "karandeyash451@gmail.com",
    "phone": "80977 16973",
    "date": "2025-12-27",
    "message": "Hiiii",
    "timestamp": "2025-09-04T14:21:12.383Z"
  },
  {
    "name": "YASH KARANDE",
    "email": "karandeyash451@gmail.com",
    "phone": "80977 16973",
    "feedback": "Very Helpful",
    "rating": "1",
    "timestamp": "2025-09-04T14:21:41.002Z"
  },
  {
    "name": "YASH KARANDE",
    "email": "karandeyash451@gmail.com",
    "phone": "80977 16973",
    "date": "2025-12-27",
    "message": "Hii",
    "timestamp": "2025-09-04T14:26:43.046Z"
  },
  {
    "name": "Yash Karande",
    "email": "karandeyash44@gmail.com",
    "phone": "80977 16973",
    "date": "2025-12-27",
    "message": "Hiii",
    "timestamp": "2025-09-04T15:04:47.485Z"
  },
  {
    "name": "KRISHNA TIWARI",
    "email": "krishnatiwari@gmail.com",
    "phone": "1234567890",
    "date": "2026-01-01",
    "message": "oyee",
    "timestamp": "2025-09-04T15:09:35.692Z"
  },
  {
    "name": "Jay Rane",
    "email": "ranejay@gmail.com",
    "phone": "0987654321",
    "date": "2026-12-25",
    "message": "Helloooo",
    "timestamp": "2025-09-04T15:12:55.489Z"
  },
  {
    "name": "Yash Karande",
    "email": "karandeyash44@gmail.com",
    "phone": "080977 16973",
    "date": "2028-01-27",
    "message": "Hiii i need help",
    "timestamp": "2025-09-04T15:48:09.258Z"
  },
  {
    "name": "KRISHNA TIWARI",
    "email": "krishnatiwari@gmail.com",
    "phone": "1234567890",
    "feedback": "NEED MORE SESSION LIKE THAT",
    "rating": "1",
    "timestamp": "2025-09-05T07:59:40.387Z"
  },
  {
    "name": "VEDANT NAYAK",
    "email": "nayakvedant@gmail.om",
    "phone": "1472583690",
    "feedback": "like everything about it",
    "rating": "1",
    "timestamp": "2025-09-05T08:00:47.614Z"
  }
]